{"type":"footer","name":"Footer","sections":{"section_ifTgFY":{"type":"section","name":"t:names.custom_section","settings":{"content_direction":"column","vertical_on_mobile":true,"horizontal_alignment":"flex-start","vertical_alignment":"center","align_baseline":false,"horizontal_alignment_flex_direction_column":"flex-start","vertical_alignment_flex_direction_column":"center","gap":12,"section_width":"page-width","section_height":"small","section_height_custom":50,"color_scheme":"","background_media":"none","video_position":"cover","background_image_position":"cover","border":"none","border_width":1,"border_opacity":100,"border_radius":0,"toggle_overlay":false,"overlay_color":"#00000026","overlay_style":"solid","gradient_direction":"to top","padding-block-start":0,"padding-block-end":0}},"custom_liquid_rNGPik":{"type":"custom-liquid","name":"t:names.custom_liquid","settings":{"custom_liquid":"<style>\n\/* Footer CSS - paste this whole block into footer.liquid or theme CSS *\/\n.custom-footer {\n  background-color: #D1BCAC;\n  padding: 60px 20px;\n  font-family: 'Georgia', serif;\n  color: #2d2d2d;\n}\n\n.footer-container {\n  max-width: 1200px;\n  margin: 0 auto;\n  display: flex;\n  justify-content: space-between;\n  gap: 40px;\n  flex-wrap: wrap;\n  margin-bottom: 40px;\n}\n\n.footer-logo h2 {\n  font-size: 48px;\n  margin: 0;\n  letter-spacing: 1px;\n}\n\n.footer-links,\n.footer-about {\n  flex: 1;\n  min-width: 220px;\n}\n\n.footer-links h4,\n.footer-about h4 {\n  font-size: 14px;\n  text-transform: uppercase;\n  letter-spacing: 2px;\n  margin-bottom: 16px;\n}\n\n.footer-links ul {\n  list-style: none;\n  padding: 0;\n  margin: 0;\n}\n\n.footer-links ul li {\n  margin-bottom: 8px;\n}\n\n.footer-links ul li a {\n  text-decoration: none;\n  color: inherit;\n  opacity: 0.95;\n}\n\n.footer-about p {\n  font-size: 14px;\n  line-height: 1.7;\n  margin-bottom: 10px;\n}\n\n.footer-newsletter {\n  max-width: 1200px;\n  margin: 0 auto 30px;\n}\n\n.newsletter-form {\n  display: flex;\n  max-width: 480px;\n  width: 100%;\n}\n\n.newsletter-form input {\n  flex: 1;\n  padding: 12px 16px;\n  border: 1px solid #2d2d2d;\n  border-right: none;\n  background: transparent;\n  font-size: 14px;\n}\n\n.newsletter-form button {\n  padding: 12px 18px;\n  border: 1px solid #2d2d2d;\n  background: transparent;\n  cursor: pointer;\n  font-size: 18px;\n}\n\n.footer-bottom {\n  border-top: 1px solid rgba(0,0,0,0.05);\n  padding-top: 20px;\n  display: flex;\n  justify-content: space-between;\n  align-items: center;\n  gap: 20px;\n  max-width: 1200px;\n  margin: 0 auto;\n  font-size: 13px;\n}\n\n.footer-icons a {\n  font-size: 18px;\n  margin-left: 12px;\n  color: #2d2d2d;\n  text-decoration: none;\n}\n\n\/* Responsive *\/\n@media (max-width: 800px) {\n  .footer-container { flex-direction: column; }\n  .footer-bottom { flex-direction: column; align-items: flex-start; gap: 8px; }\n  .footer-logo h2 { font-size: 32px; }\n}\n<\/style>\n\n<footer class=\"custom-footer\">\n  <div class=\"footer-container\">\n    <div class=\"footer-logo\">\n      <h2>Triyana<\/h2>\n    <\/div>\n\n    <div class=\"footer-links\">\n      <h4>QUICK LINKS<\/h4>\n      <ul>\n        <li><a href=\"#\">Our Story<\/a><\/li>\n        <li><a href=\"#\">Refund Policy<\/a><\/li>\n        <li><a href=\"#\">Privacy Policy<\/a><\/li>\n        <li><a href=\"#\">Terms & Conditions<\/a><\/li>\n        <li><a href=\"#\">Shipping Policy<\/a><\/li>\n        <li><a href=\"#\">FAQ<\/a><\/li>\n        <li><a href=\"#\">Home<\/a><\/li>\n      <\/ul>\n    <\/div>\n\n    <div class=\"footer-about\">\n      <h4>ABOUT US<\/h4>\n      <p>\n        Triyana is a holistic brand offering handmade gemstone jewelry, palo santo, sage,\n        and other wellness products designed to inspire mindfulness and spiritual growth.\n        We prioritize sustainability, eco-friendly practices, and giving back to the environment.\n      <\/p>\n      <p><strong>Contact Us:<\/strong><\/p>\n      <p><a href=\"tel:+919136147951\">+91 9136147951<\/a><\/p>\n      <p><a href=\"mailto:contact@triyana.in\">contact@triyana.in<\/a><\/p>\n    <\/div>\n  <\/div>\n\n  <div class=\"footer-newsletter\">\n    <h4>JOIN OUR NEWSLETTER<\/h4>\n    <form method=\"post\" class=\"newsletter-form\" action=\"\/contact#contact_form\">\n      <input type=\"email\" name=\"contact[email]\" placeholder=\"Email\" required>\n      <button type=\"submit\" aria-label=\"Subscribe\">&rarr;<\/button>\n    <\/form>\n  <\/div>\n\n  <div class=\"footer-bottom\">\n    <p>© 2025, Triyana Developed by Geek Media · <a href=\"\/policies\/privacy-policy\">Privacy policy<\/a><\/p>\n    <div class=\"footer-icons\">\n      <a href=\"#\" aria-label=\"Instagram\">📷<\/a>\n    <\/div>\n  <\/div>\n<\/footer>","color_scheme":"scheme-48ddae83-55d5-4921-b28c-a4153d07ed20","section_width":"page-width","padding-block-start":0,"padding-block-end":0}},"footer":{"type":"footer","name":"Footer","settings":{"content_direction":"column","vertical_on_mobile":true,"horizontal_alignment":"center","vertical_alignment":"center","align_baseline":false,"horizontal_alignment_flex_direction_column":"center","vertical_alignment_flex_direction_column":"center","gap":48,"section_width":"page-width","section_height":"","color_scheme":"scheme-1","background_media":"none","video_position":"cover","background_image_position":"cover","padding-block-start":0,"padding-block-end":30}}},"order":["section_ifTgFY","custom_liquid_rNGPik","footer"]}