{"sections":{"image_with_text_kdU8mq":{"type":"image-with-text","blocks":{"heading_TpqFng":{"type":"heading","settings":{"heading":"<strong>Welcome To Our store<\/strong>","heading_size":"h0"}},"text_EYjEn4":{"type":"text","settings":{"text":"<p><strong>Quality products at fair prices. Explore our latest arrivals and timeless essentials<\/strong><br\/><br\/><\/p>","text_style":"body"}},"button_tjTpXi":{"type":"button","settings":{"button_label":"Shop Test collections","button_link":"shopify:\/\/collections\/test-collection","button_style_secondary":false}}},"block_order":["heading_TpqFng","text_EYjEn4","button_tjTpXi"],"name":"t:sections.image-with-text.presets.name","settings":{"image":"shopify:\/\/shop_images\/photo-1542291026-7eec264c27ff.avif","height":"adapt","desktop_image_width":"medium","layout":"text_first","image_behavior":"none","content_layout":"no-overlap","desktop_content_position":"top","desktop_content_alignment":"left","mobile_content_alignment":"left","section_color_scheme":"scheme-3","color_scheme":"scheme-3","padding_top":36,"padding_bottom":36}},"featured_collection":{"type":"featured-collection","settings":{"collection":"all","products_to_show":8,"title":"Featured products","heading_size":"h1","description":"","show_description":true,"description_style":"body","columns_desktop":4,"enable_desktop_slider":false,"full_width":true,"show_view_all":true,"view_all_style":"solid","color_scheme":"scheme-1","image_ratio":"adapt","image_shape":"default","show_secondary_image":true,"show_vendor":true,"show_rating":true,"quick_add":"standard","columns_mobile":"2","swipe_on_mobile":false,"padding_top":44,"padding_bottom":36}},"image_with_text_PxR4kG":{"type":"image-with-text","blocks":{"heading_6a7ykH":{"type":"heading","settings":{"heading":"<strong>About Our Store<\/strong>","heading_size":"h1"}},"text_diEUFx":{"type":"text","settings":{"text":"<p>We curate everyday goods with a focus on comfort, utility, and design. Our team sources responsibly and prices transparently so you can shop with confidence.<\/p>","text_style":"subtitle"}},"button_QCqLja":{"type":"button","settings":{"button_label":"","button_link":"","button_style_secondary":false}}},"block_order":["heading_6a7ykH","text_diEUFx","button_QCqLja"],"name":"t:sections.image-with-text.presets.name","settings":{"image":"shopify:\/\/shop_images\/photo-1512436991641-6745cdb1723f.avif","height":"adapt","desktop_image_width":"medium","layout":"text_first","image_behavior":"none","content_layout":"no-overlap","desktop_content_position":"top","desktop_content_alignment":"left","mobile_content_alignment":"left","section_color_scheme":"scheme-3","color_scheme":"scheme-3","padding_top":36,"padding_bottom":36}}},"order":["image_with_text_kdU8mq","featured_collection","image_with_text_PxR4kG"]}