{"sections":{"image_with_text_nTEMkA":{"type":"image-with-text","blocks":{"heading_hbfFK7":{"type":"heading","settings":{"heading":"Welcome To Our Store","heading_size":"h1"}},"text_jbMTJQ":{"type":"text","settings":{"text":"<p>Quality products at fair prices. Explore our latest arrivals and timeless essentials.<br\/><br\/><\/p>","text_style":"body"}},"button_fGHrTY":{"type":"button","settings":{"button_label":"Shop Test Collection","button_link":"shopify:\/\/collections","button_style_secondary":false}}},"block_order":["heading_hbfFK7","text_jbMTJQ","button_fGHrTY"],"name":"t:sections.image-with-text.presets.name","settings":{"image":"shopify:\/\/shop_images\/photo-1542291026-7eec264c27ff.avif","height":"adapt","desktop_image_width":"medium","layout":"text_first","image_behavior":"none","content_layout":"no-overlap","desktop_content_position":"top","desktop_content_alignment":"left","mobile_content_alignment":"left","section_color_scheme":"scheme-3","color_scheme":"scheme-3","padding_top":36,"padding_bottom":36}},"image_with_text_gXkD3z":{"type":"image-with-text","blocks":{"heading_QGCG8J":{"type":"heading","settings":{"heading":"About Our Store","heading_size":"h1"}},"text_az6wk3":{"type":"text","settings":{"text":"<p>We curate everyday goods with a focus on comfort, utility, and design. Our team sources responsibly and prices transparently so you can shop with confidence.<br\/><br\/><\/p>","text_style":"body"}},"button_mNrj8k":{"type":"button","settings":{"button_label":"","button_link":"","button_style_secondary":false}}},"block_order":["heading_QGCG8J","text_az6wk3","button_mNrj8k"],"name":"t:sections.image-with-text.presets.name","settings":{"image":"shopify:\/\/shop_images\/photo-1512436991641-6745cdb1723f.avif","height":"adapt","desktop_image_width":"medium","layout":"text_first","image_behavior":"none","content_layout":"no-overlap","desktop_content_position":"top","desktop_content_alignment":"left","mobile_content_alignment":"left","section_color_scheme":"","color_scheme":"","padding_top":36,"padding_bottom":36}},"main":{"type":"main-list-collections","disabled":true,"settings":{"title":"Collections","sort":"alphabetical","image_ratio":"square","columns_desktop":3,"columns_mobile":"2"}},"featured_product_zGEgpH":{"type":"featured-product","blocks":{"text_DJaGRC":{"type":"text","settings":{"text":"{{ section.settings.product.vendor }}","text_style":"uppercase"}},"title_xmykGM":{"type":"title","settings":{"heading_size":"h1"}},"price_c3RUCG":{"type":"price","settings":{}},"variant_picker_q6Hftq":{"type":"variant_picker","settings":{"picker_type":"button","swatch_shape":"circle"}},"quantity_selector_nhCKtF":{"type":"quantity_selector","settings":{}},"buy_buttons_fRjRcT":{"type":"buy_buttons","settings":{"show_dynamic_checkout":true,"show_gift_card_recipient":true}},"share_jJ8ejH":{"type":"share","settings":{"share_label":"Share"}}},"block_order":["text_DJaGRC","title_xmykGM","price_c3RUCG","variant_picker_q6Hftq","quantity_selector_nhCKtF","buy_buttons_fRjRcT","share_jJ8ejH"],"name":"t:sections.featured-product.presets.name","settings":{"product":"sports-shoes","color_scheme":"","secondary_background":false,"media_size":"medium","constrain_to_viewport":true,"media_fit":"contain","media_position":"left","image_zoom":"lightbox","hide_variants":false,"enable_video_looping":false,"padding_top":36,"padding_bottom":36}}},"order":["image_with_text_nTEMkA","image_with_text_gXkD3z","main","featured_product_zGEgpH"]}