{"name":"t:sections.footer.name","type":"footer","sections":{"footer":{"type":"footer","blocks":{"image_PtkReC":{"type":"image","settings":{"image":"shopify:\/\/shop_images\/Screenshot_13-removebg-preview_3212ccd0-6fc4-43c3-a6c5-4d8f0405abd8.png","image_width":115,"alignment":""}}},"block_order":["image_PtkReC"],"settings":{"color_scheme":"scheme-4","newsletter_enable":true,"newsletter_heading":"Subscribe to our newsletter for product drops and promos.","enable_follow_on_shop":true,"show_social":true,"enable_country_selector":true,"enable_language_selector":true,"payment_enable":true,"show_policy":true,"margin_top":0,"padding_top":36,"padding_bottom":36}}},"order":["footer"]}