{"name":"t:sections.header.name","type":"header","sections":{"announcement-bar":{"type":"announcement-bar","blocks":{"announcement-bar-0":{"type":"announcement","settings":{"text":"Welcome to our store","link":""}}},"block_order":["announcement-bar-0"],"settings":{"auto_rotate":false,"change_slides_speed":5,"color_scheme":"scheme-1","show_line_separator":true,"show_social":false,"enable_country_selector":false,"enable_language_selector":false}},"header":{"type":"header","custom_css":["\/* Transparent navbar *\/header.site-header, header.header, .navbar, .main-header {background-color: transparent !important; box-shadow: none !important; \/* shadow bhi hata de *\/}","\/* Text aur logo visible karne ke liye color adjust karen *\/header.site-header a, header.header a, .navbar a {color: #ffffff !important; \/* white links *\/}"],"settings":{"logo_position":"middle-left","mobile_logo_position":"center","menu":"main-menu","menu_type_desktop":"dropdown","sticky_header_type":"always","show_line_separator":true,"color_scheme":"scheme-4","menu_color_scheme":"scheme-4","enable_country_selector":true,"enable_language_selector":true,"enable_customer_avatar":true,"margin_bottom":0,"padding_top":20,"padding_bottom":20}}},"order":["announcement-bar","header"]}