{"sections":{"slideshow_UHhaxd":{"type":"slideshow","blocks":{"slide_HcH37T":{"type":"_slide","settings":{"media_type_1":"image","image_1":"shopify:\/\/shop_images\/White_Simple_Photocentric_Jewelry_Promo_Banner_Landscape.png","content_direction":"column","vertical_on_mobile":true,"horizontal_alignment":"flex-start","vertical_alignment":"center","align_baseline":false,"horizontal_alignment_flex_direction_column":"center","vertical_alignment_flex_direction_column":"center","gap":12,"inherit_color_scheme":true,"color_scheme":"","toggle_overlay":false,"overlay_color":"#00000026","overlay_style":"solid","gradient_direction":"to top","padding-block-start":0,"padding-block-end":0,"padding-inline-start":0,"padding-inline-end":0},"blocks":{"group_ce7mdn":{"type":"group","settings":{"link":"","open_in_new_tab":false,"content_direction":"column","vertical_on_mobile":true,"horizontal_alignment":"flex-start","vertical_alignment":"center","align_baseline":false,"horizontal_alignment_flex_direction_column":"center","vertical_alignment_flex_direction_column":"center","gap":12,"width":"custom","custom_width":50,"width_mobile":"custom","custom_width_mobile":85,"height":"fit","custom_height":100,"inherit_color_scheme":false,"color_scheme":"scheme-6","background_media":"none","video_position":"cover","background_image_position":"cover","border":"none","border_width":1,"border_opacity":100,"border_radius":0,"placeholder":"","toggle_overlay":false,"overlay_color":"#00000026","overlay_style":"solid","gradient_direction":"to top","padding-block-start":48,"padding-block-end":48,"padding-inline-start":48,"padding-inline-end":48},"blocks":{"button_b4EjYH":{"type":"button","disabled":true,"settings":{"label":"Shop now","link":"shopify:\/\/collections\/all","open_in_new_tab":false,"style_class":"button-secondary","width":"fit-content","custom_width":100,"width_mobile":"fit-content","custom_width_mobile":100},"blocks":{}},"button_mygrwG":{"type":"button","name":"t:names.button","settings":{"label":"Shop now","link":"shopify:\/\/collections\/all","open_in_new_tab":false,"style_class":"button-secondary","width":"fit-content","custom_width":100,"width_mobile":"fit-content","custom_width_mobile":100},"blocks":{}}},"block_order":["button_b4EjYH","button_mygrwG"]}},"block_order":["group_ce7mdn"]},"slide_xGtYxB":{"type":"_slide","settings":{"media_type_1":"image","image_1":"shopify:\/\/shop_images\/17.png","content_direction":"column","vertical_on_mobile":true,"horizontal_alignment":"flex-start","vertical_alignment":"center","align_baseline":false,"horizontal_alignment_flex_direction_column":"center","vertical_alignment_flex_direction_column":"center","gap":12,"inherit_color_scheme":true,"color_scheme":"","toggle_overlay":false,"overlay_color":"#00000026","overlay_style":"solid","gradient_direction":"to top","padding-block-start":0,"padding-block-end":0,"padding-inline-start":0,"padding-inline-end":0},"blocks":{"group_qrAEqF":{"type":"group","settings":{"link":"","open_in_new_tab":false,"content_direction":"column","vertical_on_mobile":true,"horizontal_alignment":"flex-start","vertical_alignment":"center","align_baseline":false,"horizontal_alignment_flex_direction_column":"center","vertical_alignment_flex_direction_column":"center","gap":12,"width":"custom","custom_width":50,"width_mobile":"custom","custom_width_mobile":85,"height":"fit","custom_height":100,"inherit_color_scheme":false,"color_scheme":"scheme-6","background_media":"none","video_position":"cover","background_image_position":"cover","border":"none","border_width":1,"border_opacity":100,"border_radius":0,"placeholder":"","toggle_overlay":false,"overlay_color":"#00000026","overlay_style":"solid","gradient_direction":"to top","padding-block-start":48,"padding-block-end":48,"padding-inline-start":48,"padding-inline-end":48},"blocks":{}}},"block_order":["group_qrAEqF"]}},"block_order":["slide_HcH37T","slide_xGtYxB"],"name":"t:names.slideshow","settings":{"icons_style":"arrows_large","slideshow_controls_style":"dots","color_scheme":"","autoplay":false,"autoplay_speed":4,"section_width":"full-width","slide_height":"medium","padding-block-start":0,"padding-block-end":0}},"section_gN9JLp":{"type":"section","blocks":{"text_bh4fCN":{"type":"text","name":"t:names.heading","settings":{"text":"<h4><em>Connecting Body, Mind, and Spirit through every Creation<\/em><\/h4>","width":"100%","max_width":"normal","alignment":"center","type_preset":"rte","font":"var(--font-body--family)","font_size":"1rem","line_height":"normal","letter_spacing":"normal","case":"none","wrap":"pretty","color":"var(--color-foreground)","background":false,"background_color":"#00000026","corner_radius":0,"padding-block-start":0,"padding-block-end":0,"padding-inline-start":0,"padding-inline-end":0},"blocks":{}}},"block_order":["text_bh4fCN"],"name":"t:names.faq_section","settings":{"content_direction":"column","vertical_on_mobile":true,"horizontal_alignment":"flex-start","vertical_alignment":"center","align_baseline":false,"horizontal_alignment_flex_direction_column":"flex-start","vertical_alignment_flex_direction_column":"center","gap":32,"section_width":"page-width","section_height":"","section_height_custom":50,"color_scheme":"","background_media":"none","video_position":"cover","background_image_position":"cover","border":"none","border_width":1,"border_opacity":100,"border_radius":0,"toggle_overlay":false,"overlay_color":"#00000026","overlay_style":"solid","gradient_direction":"to top","padding-block-start":48,"padding-block-end":48}},"media_with_content_GYTGDY":{"type":"media-with-content","blocks":{"media":{"type":"_media-without-appearance","static":true,"settings":{"media_type":"image","image":"shopify:\/\/shop_images\/SCP00220.jpg","link":"","video_loop":true,"video_autoplay":false,"image_position":"cover","video_position":"cover"},"blocks":{}},"content":{"type":"_content-without-appearance","static":true,"settings":{"horizontal_alignment_flex_direction_column":"flex-start","vertical_alignment_flex_direction_column":"center","gap":35},"blocks":{"text_md9U7Y":{"type":"text","name":"t:names.caption","settings":{"text":"<p>BE AUTHENTICALLY YOU<br\/><br\/><\/p>","width":"fit-content","max_width":"normal","alignment":"left","type_preset":"h6","font":"var(--font-body--family)","font_size":"1rem","line_height":"normal","letter_spacing":"normal","case":"none","wrap":"pretty","color":"var(--color-foreground)","background":false,"background_color":"#00000026","corner_radius":0,"padding-block-start":0,"padding-block-end":0,"padding-inline-start":0,"padding-inline-end":0},"blocks":{}},"group_iRey3P":{"type":"group","settings":{"link":"","open_in_new_tab":false,"content_direction":"column","vertical_on_mobile":true,"horizontal_alignment":"flex-start","vertical_alignment":"center","align_baseline":false,"horizontal_alignment_flex_direction_column":"flex-start","vertical_alignment_flex_direction_column":"center","gap":12,"width":"fill","custom_width":100,"width_mobile":"fill","custom_width_mobile":100,"height":"fit","custom_height":100,"inherit_color_scheme":true,"color_scheme":"","background_media":"none","video_position":"cover","background_image_position":"cover","border":"none","border_width":1,"border_opacity":100,"border_radius":0,"placeholder":"","toggle_overlay":false,"overlay_color":"#00000026","overlay_style":"solid","gradient_direction":"to top","padding-block-start":0,"padding-block-end":0,"padding-inline-start":0,"padding-inline-end":0},"blocks":{"text_fXfc9U":{"type":"text","name":"t:names.heading","settings":{"text":"<h2>Where Intention Meets Creation<\/h2>","width":"fit-content","max_width":"normal","alignment":"left","type_preset":"h3","font":"var(--font-body--family)","font_size":"1rem","line_height":"normal","letter_spacing":"normal","case":"none","wrap":"pretty","color":"var(--color-foreground)","background":false,"background_color":"#00000026","corner_radius":0,"padding-block-start":0,"padding-block-end":0,"padding-inline-start":0,"padding-inline-end":0},"blocks":{}},"text_GQbjdB":{"type":"text","settings":{"text":"<p>Each piece is crafted with deep care and love, meant to resonate with the unique energy you bring into the world.<br\/><br\/><\/p>","width":"fit-content","max_width":"normal","alignment":"left","type_preset":"rte","font":"var(--font-body--family)","font_size":"1rem","line_height":"normal","letter_spacing":"normal","case":"none","wrap":"pretty","color":"var(--color-foreground)","background":false,"background_color":"#00000026","corner_radius":0,"padding-block-start":0,"padding-block-end":0,"padding-inline-start":0,"padding-inline-end":0},"blocks":{}}},"block_order":["text_fXfc9U","text_GQbjdB"]},"button_498qk3":{"type":"button","settings":{"label":"SHOP NOW","link":"shopify:\/\/collections\/all","open_in_new_tab":false,"style_class":"button-secondary","width":"fit-content","custom_width":100,"width_mobile":"fit-content","custom_width_mobile":100},"blocks":{}}},"block_order":["text_md9U7Y","group_iRey3P","button_498qk3"]}},"name":"t:names.editorial","settings":{"media_position":"left","media_width":"medium","media_height":"60svh","section_width":"full-width","extend_media":true,"color_scheme":"scheme-72fdf1ca-cc6f-4337-82d6-2ea7fd4527bc","padding-block-start":0,"padding-block-end":0}},"marquee_ENaWKG":{"type":"marquee","blocks":{"text_BcrwiU":{"type":"text","settings":{"text":"<p>SHOP ABOVE 3000 & GET 10% DISCOUNT CODE- WELCOME10<br\/><br\/><\/p>","width":"fit-content","max_width":"normal","alignment":"left","type_preset":"custom","font":"var(--font-body--family)","font_size":"1rem","line_height":"tight","letter_spacing":"tight","case":"none","wrap":"nowrap","color":"var(--color-foreground)","background":false,"background_color":"#00000026","corner_radius":0,"padding-block-start":0,"padding-block-end":0,"padding-inline-start":0,"padding-inline-end":0},"blocks":{}}},"block_order":["text_BcrwiU"],"name":"t:names.marquee_section","settings":{"movement_direction":"normal","color_scheme":"scheme-72fdf1ca-cc6f-4337-82d6-2ea7fd4527bc","padding-block-start":8,"padding-block-end":0,"gap_between_elements":16}},"product_list_ydq9JN":{"type":"product-list","blocks":{"static-header":{"type":"_product-list-content","name":"t:names.header","static":true,"settings":{"content_direction":"row","vertical_on_mobile":false,"horizontal_alignment":"space-between","vertical_alignment":"flex-end","align_baseline":true,"horizontal_alignment_flex_direction_column":"flex-start","vertical_alignment_flex_direction_column":"center","gap":12,"width":"fill","custom_width":100,"width_mobile":"fill","custom_width_mobile":100,"height":"fit","custom_height":100,"inherit_color_scheme":true,"color_scheme":"","background_media":"none","video_position":"cover","background_image_position":"cover","border":"none","border_width":1,"border_opacity":100,"border_radius":0,"padding-block-start":0,"padding-block-end":0,"padding-inline-start":0,"padding-inline-end":0},"blocks":{"product_list_text_AaeWRV":{"type":"_product-list-text","name":"t:names.collection_title","settings":{"text":"<h2>OUR COLLECTION<\/h2>","width":"100%","max_width":"normal","alignment":"center","type_preset":"rte","font":"var(--font-body--family)","font_size":"1rem","line_height":"normal","letter_spacing":"normal","case":"none","wrap":"pretty","color":"var(--color-foreground)","background":false,"background_color":"#00000026","corner_radius":0,"padding-block-start":0,"padding-block-end":0,"padding-inline-start":0,"padding-inline-end":0},"blocks":{}},"product_list_button_zWyB4J":{"type":"_product-list-button","name":"t:names.product_list_button","settings":{"label":"View all","open_in_new_tab":false,"style_class":"link","width":"fit-content","custom_width":100,"width_mobile":"fit-content","custom_width_mobile":100},"blocks":{}}},"block_order":["product_list_text_AaeWRV","product_list_button_zWyB4J"]},"static-product-card":{"type":"_product-card","name":"t:names.product_card","static":true,"settings":{"product_card_gap":4,"inherit_color_scheme":true,"color_scheme":"","border":"none","border_width":1,"border_opacity":100,"border_radius":0,"padding-block-start":0,"padding-block-end":0,"padding-inline-start":0,"padding-inline-end":0},"blocks":{"product_card_gallery_477f9H":{"type":"_product-card-gallery","name":"t:names.product_card_media","settings":{"image_ratio":"adapt","border":"none","border_width":1,"border_opacity":100,"border_radius":0,"padding-block-start":0,"padding-block-end":0,"padding-inline-start":0,"padding-inline-end":0},"blocks":{}},"product_title_qipMjW":{"type":"product-title","name":"t:names.product_title","settings":{"width":"fit-content","max_width":"normal","alignment":"left","type_preset":"rte","font":"var(--font-body--family)","font_size":"1rem","line_height":"normal","letter_spacing":"normal","case":"none","wrap":"pretty","color":"var(--color-foreground)","background":false,"background_color":"#00000026","corner_radius":0,"padding-block-start":4,"padding-block-end":0,"padding-inline-start":0,"padding-inline-end":0},"blocks":{}},"price_MQnqYU":{"type":"price","name":"t:names.product_price","settings":{"show_sale_price_first":true,"show_installments":false,"show_tax_info":false,"type_preset":"h6","width":"100%","alignment":"left","font":"var(--font-body--family)","font_size":"1rem","line_height":"normal","letter_spacing":"normal","case":"none","color":"var(--color-foreground)","padding-block-start":0,"padding-block-end":0,"padding-inline-start":0,"padding-inline-end":0},"blocks":{}}},"block_order":["product_card_gallery_477f9H","product_title_qipMjW","price_MQnqYU"]}},"name":"t:names.products_carousel","settings":{"collection":"frontpage","layout_type":"carousel","carousel_on_mobile":false,"max_products":6,"columns":4,"mobile_columns":"2","mobile_card_size":"60cqw","columns_gap":8,"rows_gap":24,"icons_style":"arrow","icons_shape":"circle","section_width":"page-width","horizontal_alignment":"flex-start","gap":28,"color_scheme":"scheme-1","padding-block-start":48,"padding-block-end":48}},"section_HMCCMJ":{"type":"section","blocks":{"group_cakjQJ":{"type":"group","settings":{"link":"","open_in_new_tab":false,"content_direction":"column","vertical_on_mobile":true,"horizontal_alignment":"flex-start","vertical_alignment":"center","align_baseline":false,"horizontal_alignment_flex_direction_column":"center","vertical_alignment_flex_direction_column":"space-between","gap":28,"width":"fill","custom_width":100,"width_mobile":"fill","custom_width_mobile":100,"height":"fill","custom_height":100,"inherit_color_scheme":false,"color_scheme":"scheme-5","background_media":"image","video_position":"cover","background_image":"shopify:\/\/shop_images\/Rimzim.png_2.png","background_image_position":"cover","border":"none","border_width":1,"border_opacity":100,"border_radius":0,"placeholder":"hero-apparel-2","toggle_overlay":false,"overlay_color":"#00000026","overlay_style":"solid","gradient_direction":"to top","padding-block-start":40,"padding-block-end":40,"padding-inline-start":40,"padding-inline-end":40},"blocks":{"spacer_nMGwWh":{"type":"spacer","settings":{"size":"pixel","percent_size":100,"pixel_size":16,"custom_mobile_size":false,"size_mobile":"percent","percent_size_mobile":100,"pixel_size_mobile":120},"blocks":{}}},"block_order":["spacer_nMGwWh"]},"group_VFYpFg":{"type":"group","settings":{"link":"","open_in_new_tab":false,"content_direction":"column","vertical_on_mobile":true,"horizontal_alignment":"flex-start","vertical_alignment":"center","align_baseline":false,"horizontal_alignment_flex_direction_column":"center","vertical_alignment_flex_direction_column":"space-between","gap":32,"width":"fill","custom_width":100,"width_mobile":"fill","custom_width_mobile":100,"height":"fill","custom_height":100,"inherit_color_scheme":false,"color_scheme":"scheme-5","background_media":"image","video_position":"cover","background_image":"shopify:\/\/shop_images\/niruha.png","background_image_position":"cover","border":"none","border_width":1,"border_opacity":100,"border_radius":0,"placeholder":"hero-apparel-1","toggle_overlay":false,"overlay_color":"#00000026","overlay_style":"solid","gradient_direction":"to top","padding-block-start":40,"padding-block-end":40,"padding-inline-start":40,"padding-inline-end":40},"blocks":{"spacer_eEDgMw":{"type":"spacer","settings":{"size":"pixel","percent_size":100,"pixel_size":16,"custom_mobile_size":false,"size_mobile":"percent","percent_size_mobile":100,"pixel_size_mobile":120},"blocks":{}},"spacer_DMzN43":{"type":"spacer","name":"t:names.spacer","settings":{"size":"percent","percent_size":100,"pixel_size":120,"custom_mobile_size":false,"size_mobile":"percent","percent_size_mobile":100,"pixel_size_mobile":120},"blocks":{}}},"block_order":["spacer_eEDgMw","spacer_DMzN43"]}},"block_order":["group_cakjQJ","group_VFYpFg"],"name":"t:names.split_showcase","settings":{"content_direction":"row","vertical_on_mobile":true,"horizontal_alignment":"flex-start","vertical_alignment":"flex-end","align_baseline":false,"horizontal_alignment_flex_direction_column":"flex-start","vertical_alignment_flex_direction_column":"center","gap":35,"section_width":"full-width","section_height":"large","section_height_custom":50,"color_scheme":"","background_media":"none","video_position":"cover","background_image_position":"cover","border":"none","border_width":1,"border_opacity":100,"border_radius":10,"toggle_overlay":false,"overlay_color":"#00000026","overlay_style":"solid","gradient_direction":"to top","padding-block-start":0,"padding-block-end":0}},"section_cNg9Jf":{"type":"section","blocks":{"group_KYehGB":{"type":"group","settings":{"link":"","open_in_new_tab":false,"content_direction":"column","vertical_on_mobile":true,"horizontal_alignment":"flex-start","vertical_alignment":"center","align_baseline":false,"horizontal_alignment_flex_direction_column":"flex-start","vertical_alignment_flex_direction_column":"center","gap":12,"width":"custom","custom_width":100,"width_mobile":"fill","custom_width_mobile":100,"height":"fit","custom_height":100,"inherit_color_scheme":true,"color_scheme":"","background_media":"none","video_position":"cover","background_image_position":"cover","border":"none","border_width":1,"border_opacity":100,"border_radius":0,"placeholder":"","toggle_overlay":false,"overlay_color":"#00000026","overlay_style":"solid","gradient_direction":"to top","padding-block-start":0,"padding-block-end":0,"padding-inline-start":0,"padding-inline-end":0},"blocks":{"text_EzimMW":{"type":"text","name":"t:names.heading","settings":{"text":"<h2>Through mindful steps and tender care, We nurture souls and lands<\/h2>","width":"fit-content","max_width":"normal","alignment":"left","type_preset":"h3","font":"var(--font-body--family)","font_size":"1rem","line_height":"normal","letter_spacing":"normal","case":"none","wrap":"pretty","color":"var(--color-foreground-heading)","background":false,"background_color":"#00000026","corner_radius":0,"padding-block-start":0,"padding-block-end":0,"padding-inline-start":0,"padding-inline-end":0},"blocks":{}},"text_jJ8APQ":{"type":"text","settings":{"text":"<p>Our commitment extends beyond our products; we are passionate about giving back. We dedicate a portion of our profits to environmental NGOs, focused on restoring Mother Earth.<br\/><\/p><p>Join us in this mission. We believe that every purchase can make a difference, supporting both personal growth and environmental sustainability.<br\/><br\/><\/p>","width":"fit-content","max_width":"narrow","alignment":"left","type_preset":"rte","font":"var(--font-body--family)","font_size":"1rem","line_height":"normal","letter_spacing":"normal","case":"none","wrap":"pretty","color":"var(--color-foreground)","background":false,"background_color":"#00000026","corner_radius":0,"padding-block-start":0,"padding-block-end":0,"padding-inline-start":0,"padding-inline-end":0},"blocks":{}},"button_TdCTJp":{"type":"button","settings":{"label":"SHOP NOW","link":"shopify:\/\/collections\/all","open_in_new_tab":false,"style_class":"button-secondary","width":"custom","custom_width":50,"width_mobile":"fit-content","custom_width_mobile":100},"blocks":{}}},"block_order":["text_EzimMW","text_jJ8APQ","button_TdCTJp"]},"image_NgEghk":{"type":"image","settings":{"image":"shopify:\/\/shop_images\/IMG_6115.jpg","link":"","image_ratio":"portrait","width":"fill","custom_width":100,"width_mobile":"fill","custom_width_mobile":100,"height":"fit","border":"none","border_width":1,"border_opacity":100,"border_radius":0,"padding-block-start":0,"padding-block-end":0,"padding-inline-start":0,"padding-inline-end":0},"blocks":{}}},"block_order":["group_KYehGB","image_NgEghk"],"name":"t:names.image_with_text","settings":{"content_direction":"row","vertical_on_mobile":true,"horizontal_alignment":"flex-start","vertical_alignment":"center","align_baseline":false,"horizontal_alignment_flex_direction_column":"flex-start","vertical_alignment_flex_direction_column":"center","gap":32,"section_width":"page-width","section_height":"","section_height_custom":50,"color_scheme":"","background_media":"none","video_position":"cover","background_image_position":"cover","border":"none","border_width":1,"border_opacity":100,"border_radius":0,"toggle_overlay":false,"overlay_color":"#00000026","overlay_style":"solid","gradient_direction":"to top","padding-block-start":40,"padding-block-end":40}},"17583853637745ea9e":{"type":"_blocks","blocks":{"square_instagram_feed_insta_feed_bdXNJb":{"type":"shopify:\/\/apps\/square-instagram-feed\/blocks\/insta-feed\/8c9f3786-8bb5-488d-a397-b1285ed978df","settings":{}}},"block_order":["square_instagram_feed_insta_feed_bdXNJb"],"settings":{"content_direction":"column","vertical_on_mobile":true,"horizontal_alignment":"flex-start","vertical_alignment":"center","align_baseline":false,"horizontal_alignment_flex_direction_column":"flex-start","vertical_alignment_flex_direction_column":"center","gap":12,"section_width":"page-width","section_height":"","section_height_custom":50,"color_scheme":"","background_media":"none","video_position":"cover","background_image_position":"cover","border":"none","border_width":1,"border_opacity":100,"border_radius":0,"toggle_overlay":false,"overlay_color":"#00000026","overlay_style":"solid","gradient_direction":"to top","padding-block-start":0,"padding-block-end":0}},"marquee_mxHLiq":{"type":"marquee","blocks":{"text_f3xYXk":{"type":"text","settings":{"text":"<p>FREE SHIPPING <\/p>","width":"fit-content","max_width":"narrow","alignment":"left","type_preset":"custom","font":"var(--font-body--family)","font_size":"1rem","line_height":"tight","letter_spacing":"tight","case":"uppercase","wrap":"pretty","color":"var(--color-foreground)","background":false,"background_color":"#00000026","corner_radius":0,"padding-block-start":0,"padding-block-end":0,"padding-inline-start":0,"padding-inline-end":0},"blocks":{}}},"block_order":["text_f3xYXk"],"name":"t:names.marquee_section","settings":{"movement_direction":"normal","color_scheme":"scheme-72fdf1ca-cc6f-4337-82d6-2ea7fd4527bc","padding-block-start":24,"padding-block-end":24,"gap_between_elements":24}},"section_eKFWcb":{"type":"section","blocks":{"text_ChtLh8":{"type":"text","name":"t:names.heading","settings":{"text":"<h4>Our Promise<\/h4>","width":"100%","max_width":"normal","alignment":"center","type_preset":"h4","font":"var(--font-body--family)","font_size":"1rem","line_height":"normal","letter_spacing":"normal","case":"none","wrap":"pretty","color":"var(--color-foreground)","background":false,"background_color":"#00000026","corner_radius":0,"padding-block-start":0,"padding-block-end":0,"padding-inline-start":0,"padding-inline-end":0},"blocks":{}}},"block_order":["text_ChtLh8"],"name":"t:names.custom_section","settings":{"content_direction":"column","vertical_on_mobile":true,"horizontal_alignment":"flex-start","vertical_alignment":"center","align_baseline":false,"horizontal_alignment_flex_direction_column":"flex-start","vertical_alignment_flex_direction_column":"center","gap":15,"section_width":"page-width","section_height":"","section_height_custom":50,"color_scheme":"scheme-72fdf1ca-cc6f-4337-82d6-2ea7fd4527bc","background_media":"none","video_position":"cover","background_image_position":"cover","border":"none","border_width":1,"border_opacity":100,"border_radius":0,"toggle_overlay":false,"overlay_color":"#00000026","overlay_style":"solid","gradient_direction":"to top","padding-block-start":0,"padding-block-end":0}},"section_zGEdfz":{"type":"section","blocks":{"group_anNgM6":{"type":"group","settings":{"link":"","open_in_new_tab":false,"content_direction":"column","vertical_on_mobile":true,"horizontal_alignment":"flex-start","vertical_alignment":"center","align_baseline":false,"horizontal_alignment_flex_direction_column":"center","vertical_alignment_flex_direction_column":"center","gap":16,"width":"fill","custom_width":100,"width_mobile":"fill","custom_width_mobile":100,"height":"fit","custom_height":100,"inherit_color_scheme":true,"color_scheme":"","background_media":"none","video_position":"cover","background_image_position":"cover","border":"none","border_width":1,"border_opacity":100,"border_radius":0,"placeholder":"","toggle_overlay":false,"overlay_color":"#00000026","overlay_style":"solid","gradient_direction":"to top","padding-block-start":0,"padding-block-end":0,"padding-inline-start":0,"padding-inline-end":0},"blocks":{"icon_Rg4DVy":{"type":"icon","settings":{"icon":"map_pin","image_upload":"shopify:\/\/shop_images\/global-delivery.png","width":100,"link":"","open_in_new_tab":false},"blocks":{}},"group_hKHtM7":{"type":"group","settings":{"link":"","open_in_new_tab":false,"content_direction":"column","vertical_on_mobile":true,"horizontal_alignment":"flex-start","vertical_alignment":"center","align_baseline":false,"horizontal_alignment_flex_direction_column":"flex-start","vertical_alignment_flex_direction_column":"center","gap":0,"width":"fill","custom_width":100,"width_mobile":"fill","custom_width_mobile":100,"height":"fit","custom_height":100,"inherit_color_scheme":true,"color_scheme":"","background_media":"none","video_position":"cover","background_image_position":"cover","border":"none","border_width":1,"border_opacity":100,"border_radius":0,"placeholder":"","toggle_overlay":false,"overlay_color":"#00000026","overlay_style":"solid","gradient_direction":"to top","padding-block-start":0,"padding-block-end":0,"padding-inline-start":0,"padding-inline-end":0},"blocks":{"text_EFwdGU":{"type":"text","settings":{"text":"<h2>Worldwide shipping<\/h2>","width":"100%","max_width":"normal","alignment":"center","type_preset":"h3","font":"var(--font-body--family)","font_size":"1rem","line_height":"normal","letter_spacing":"normal","case":"none","wrap":"pretty","color":"var(--color-foreground)","background":false,"background_color":"#00000026","corner_radius":0,"padding-block-start":0,"padding-block-end":0,"padding-inline-start":0,"padding-inline-end":0},"blocks":{}},"text_RaejmB":{"type":"text","settings":{"text":"","width":"100%","max_width":"normal","alignment":"center","type_preset":"rte","font":"var(--font-body--family)","font_size":"1rem","line_height":"normal","letter_spacing":"normal","case":"none","wrap":"pretty","color":"var(--color-foreground)","background":false,"background_color":"#00000026","corner_radius":0,"padding-block-start":0,"padding-block-end":0,"padding-inline-start":0,"padding-inline-end":0},"blocks":{}}},"block_order":["text_EFwdGU","text_RaejmB"]}},"block_order":["icon_Rg4DVy","group_hKHtM7"]},"group_XQjdta":{"type":"group","settings":{"link":"","open_in_new_tab":false,"content_direction":"column","vertical_on_mobile":true,"horizontal_alignment":"flex-start","vertical_alignment":"center","align_baseline":false,"horizontal_alignment_flex_direction_column":"center","vertical_alignment_flex_direction_column":"center","gap":16,"width":"fill","custom_width":100,"width_mobile":"fill","custom_width_mobile":100,"height":"fit","custom_height":100,"inherit_color_scheme":true,"color_scheme":"","background_media":"none","video_position":"cover","background_image_position":"cover","border":"none","border_width":1,"border_opacity":100,"border_radius":0,"placeholder":"","toggle_overlay":false,"overlay_color":"#00000026","overlay_style":"solid","gradient_direction":"to top","padding-block-start":0,"padding-block-end":0,"padding-inline-start":0,"padding-inline-end":0},"blocks":{"icon_LdVfFF":{"type":"icon","settings":{"icon":"heart","image_upload":"shopify:\/\/shop_images\/shield.png","width":100,"link":"","open_in_new_tab":false},"blocks":{}},"group_QVzMAe":{"type":"group","settings":{"link":"","open_in_new_tab":false,"content_direction":"column","vertical_on_mobile":true,"horizontal_alignment":"flex-start","vertical_alignment":"center","align_baseline":false,"horizontal_alignment_flex_direction_column":"flex-start","vertical_alignment_flex_direction_column":"center","gap":4,"width":"fill","custom_width":100,"width_mobile":"fill","custom_width_mobile":100,"height":"fit","custom_height":100,"inherit_color_scheme":true,"color_scheme":"","background_media":"none","video_position":"cover","background_image_position":"cover","border":"none","border_width":1,"border_opacity":100,"border_radius":0,"placeholder":"","toggle_overlay":false,"overlay_color":"#00000026","overlay_style":"solid","gradient_direction":"to top","padding-block-start":0,"padding-block-end":0,"padding-inline-start":0,"padding-inline-end":0},"blocks":{"text_rHi4Dh":{"type":"text","settings":{"text":"<h2>Secure payments<\/h2>","width":"100%","max_width":"normal","alignment":"center","type_preset":"h3","font":"var(--font-body--family)","font_size":"1rem","line_height":"normal","letter_spacing":"normal","case":"none","wrap":"pretty","color":"var(--color-foreground)","background":false,"background_color":"#00000026","corner_radius":0,"padding-block-start":0,"padding-block-end":0,"padding-inline-start":0,"padding-inline-end":0},"blocks":{}}},"block_order":["text_rHi4Dh"]}},"block_order":["icon_LdVfFF","group_QVzMAe"]},"group_UgdqcW":{"type":"group","settings":{"link":"","open_in_new_tab":false,"content_direction":"column","vertical_on_mobile":true,"horizontal_alignment":"flex-start","vertical_alignment":"center","align_baseline":false,"horizontal_alignment_flex_direction_column":"center","vertical_alignment_flex_direction_column":"center","gap":16,"width":"fill","custom_width":100,"width_mobile":"fill","custom_width_mobile":100,"height":"fit","custom_height":100,"inherit_color_scheme":true,"color_scheme":"","background_media":"none","video_position":"cover","background_image_position":"cover","border":"none","border_width":1,"border_opacity":100,"border_radius":0,"placeholder":"","toggle_overlay":false,"overlay_color":"#00000026","overlay_style":"solid","gradient_direction":"to top","padding-block-start":0,"padding-block-end":0,"padding-inline-start":0,"padding-inline-end":0},"blocks":{"icon_BhKAxG":{"type":"icon","settings":{"icon":"silhouette","image_upload":"shopify:\/\/shop_images\/save-the-world.png","width":100,"link":"","open_in_new_tab":false},"blocks":{}},"group_nFTHAz":{"type":"group","settings":{"link":"","open_in_new_tab":false,"content_direction":"column","vertical_on_mobile":true,"horizontal_alignment":"flex-start","vertical_alignment":"center","align_baseline":false,"horizontal_alignment_flex_direction_column":"flex-start","vertical_alignment_flex_direction_column":"center","gap":4,"width":"fill","custom_width":100,"width_mobile":"fill","custom_width_mobile":100,"height":"fit","custom_height":100,"inherit_color_scheme":true,"color_scheme":"","background_media":"none","video_position":"cover","background_image_position":"cover","border":"none","border_width":1,"border_opacity":100,"border_radius":0,"placeholder":"","toggle_overlay":false,"overlay_color":"#00000026","overlay_style":"solid","gradient_direction":"to top","padding-block-start":0,"padding-block-end":0,"padding-inline-start":0,"padding-inline-end":0},"blocks":{"text_jxeagg":{"type":"text","settings":{"text":"<h2>Sustainability commitment<\/h2>","width":"100%","max_width":"normal","alignment":"center","type_preset":"h3","font":"var(--font-body--family)","font_size":"1rem","line_height":"normal","letter_spacing":"normal","case":"none","wrap":"pretty","color":"var(--color-foreground)","background":false,"background_color":"#00000026","corner_radius":0,"padding-block-start":0,"padding-block-end":0,"padding-inline-start":0,"padding-inline-end":0},"blocks":{}}},"block_order":["text_jxeagg"]}},"block_order":["icon_BhKAxG","group_nFTHAz"]}},"block_order":["group_anNgM6","group_XQjdta","group_UgdqcW"],"name":"t:names.icons_with_text","settings":{"content_direction":"row","vertical_on_mobile":true,"horizontal_alignment":"center","vertical_alignment":"center","align_baseline":false,"horizontal_alignment_flex_direction_column":"flex-start","vertical_alignment_flex_direction_column":"center","gap":16,"section_width":"full-width","section_height":"","section_height_custom":50,"color_scheme":"","background_media":"none","video_position":"cover","background_image_position":"cover","border":"none","border_width":1,"border_opacity":100,"border_radius":0,"toggle_overlay":true,"overlay_color":"#cac1ba","overlay_style":"solid","gradient_direction":"to top","padding-block-start":48,"padding-block-end":48}},"product_list_KKCMwk":{"type":"product-list","blocks":{"static-header":{"type":"_product-list-content","name":"t:names.header","static":true,"settings":{"content_direction":"row","vertical_on_mobile":false,"horizontal_alignment":"space-between","vertical_alignment":"flex-end","align_baseline":true,"horizontal_alignment_flex_direction_column":"flex-start","vertical_alignment_flex_direction_column":"center","gap":12,"width":"fill","custom_width":100,"width_mobile":"fill","custom_width_mobile":100,"height":"fit","custom_height":100,"inherit_color_scheme":true,"color_scheme":"","background_media":"none","video_position":"cover","background_image_position":"cover","border":"none","border_width":1,"border_opacity":100,"border_radius":0,"padding-block-start":0,"padding-block-end":0,"padding-inline-start":0,"padding-inline-end":0},"blocks":{"product_list_text_4RhqDP":{"type":"_product-list-text","name":"t:names.collection_title","settings":{"text":"<h2>CURATED COLLECTIONS<\/h2>","width":"100%","max_width":"normal","alignment":"center","type_preset":"rte","font":"var(--font-body--family)","font_size":"1rem","line_height":"normal","letter_spacing":"normal","case":"none","wrap":"pretty","color":"var(--color-foreground)","background":false,"background_color":"#00000026","corner_radius":0,"padding-block-start":0,"padding-block-end":0,"padding-inline-start":0,"padding-inline-end":0},"blocks":{}},"product_list_button_X9Jcm4":{"type":"_product-list-button","name":"t:names.product_list_button","settings":{"label":"View all","open_in_new_tab":false,"style_class":"link","width":"fit-content","custom_width":100,"width_mobile":"fit-content","custom_width_mobile":100},"blocks":{}}},"block_order":["product_list_text_4RhqDP","product_list_button_X9Jcm4"]},"static-product-card":{"type":"_product-card","name":"t:names.product_card","static":true,"settings":{"product_card_gap":4,"inherit_color_scheme":true,"color_scheme":"","border":"none","border_width":1,"border_opacity":100,"border_radius":0,"padding-block-start":0,"padding-block-end":0,"padding-inline-start":0,"padding-inline-end":0},"blocks":{"product_card_gallery_TJALQn":{"type":"_product-card-gallery","name":"t:names.product_card_media","settings":{"image_ratio":"portrait","border":"none","border_width":1,"border_opacity":100,"border_radius":0,"padding-block-start":0,"padding-block-end":0,"padding-inline-start":0,"padding-inline-end":0},"blocks":{}},"product_title_66FzPc":{"type":"product-title","name":"t:names.product_title","settings":{"width":"fit-content","max_width":"normal","alignment":"left","type_preset":"rte","font":"var(--font-body--family)","font_size":"1rem","line_height":"normal","letter_spacing":"normal","case":"none","wrap":"pretty","color":"var(--color-foreground)","background":false,"background_color":"#00000026","corner_radius":0,"padding-block-start":4,"padding-block-end":0,"padding-inline-start":0,"padding-inline-end":0},"blocks":{}},"price_DBbijV":{"type":"price","name":"t:names.product_price","settings":{"show_sale_price_first":true,"show_installments":false,"show_tax_info":false,"type_preset":"h6","width":"100%","alignment":"left","font":"var(--font-body--family)","font_size":"1rem","line_height":"normal","letter_spacing":"normal","case":"none","color":"var(--color-foreground)","padding-block-start":0,"padding-block-end":0,"padding-inline-start":0,"padding-inline-end":0},"blocks":{}}},"block_order":["product_card_gallery_TJALQn","product_title_66FzPc","price_DBbijV"]}},"name":"t:names.products_grid","settings":{"collection":"new-arrivals","layout_type":"grid","carousel_on_mobile":false,"max_products":3,"columns":3,"mobile_columns":"2","mobile_card_size":"60cqw","columns_gap":9,"rows_gap":20,"icons_style":"arrow","icons_shape":"none","section_width":"full-width","horizontal_alignment":"center","gap":40,"color_scheme":"scheme-1","padding-block-start":52,"padding-block-end":34}},"section_RJwCWb":{"type":"section","blocks":{"text_KziKjw":{"type":"text","name":"t:names.heading","settings":{"text":"<h2>JOIN OUR LIST<\/h2>","width":"100%","max_width":"normal","alignment":"center","type_preset":"rte","font":"var(--font-body--family)","font_size":"1rem","line_height":"normal","letter_spacing":"normal","case":"none","wrap":"pretty","color":"var(--color-foreground)","background":false,"background_color":"#00000026","corner_radius":0,"padding-block-start":0,"padding-block-end":0,"padding-inline-start":0,"padding-inline-end":0},"blocks":{}},"text_N3FeXn":{"type":"text","settings":{"text":"<p>Be the first to know about new collections and special offers. <\/p>","width":"100%","max_width":"normal","alignment":"center","type_preset":"paragraph","font":"var(--font-body--family)","font_size":"1rem","line_height":"normal","letter_spacing":"normal","case":"none","wrap":"pretty","color":"var(--color-foreground)","background":false,"background_color":"#00000026","corner_radius":0,"padding-block-start":0,"padding-block-end":0,"padding-inline-start":0,"padding-inline-end":0},"blocks":{}},"email_signup_geh4q9":{"type":"email-signup","settings":{"width":"custom","custom_width":50,"inherit_color_scheme":true,"heading":"","heading_preset":"h3","color_scheme":"","border_style":"all","border_width":1,"border_radius":100,"input_type_preset":"paragraph","style_class":"button-unstyled","display_type":"arrow","label":"Sign Up","integrated_button":true,"button_type_preset":"paragraph","padding-block-start":0,"padding-block-end":0,"padding-inline-start":0,"padding-inline-end":0},"blocks":{}}},"block_order":["text_KziKjw","text_N3FeXn","email_signup_geh4q9"],"name":"t:names.email_signup","settings":{"content_direction":"column","vertical_on_mobile":true,"horizontal_alignment":"flex-start","vertical_alignment":"center","align_baseline":false,"horizontal_alignment_flex_direction_column":"center","vertical_alignment_flex_direction_column":"center","gap":16,"section_width":"page-width","section_height":"","section_height_custom":50,"color_scheme":"scheme-48ddae83-55d5-4921-b28c-a4153d07ed20","background_media":"none","video_position":"cover","background_image_position":"cover","border":"none","border_width":1,"border_opacity":100,"border_radius":0,"toggle_overlay":false,"overlay_color":"#00000026","overlay_style":"solid","gradient_direction":"to top","padding-block-start":40,"padding-block-end":40}},"section_dFaW4Y":{"type":"section","blocks":{"text_6bYCGV":{"type":"text","name":"t:names.heading","settings":{"text":"<h2>WHAT CUSTOMERS ARE SAYING<\/h2>","width":"100%","max_width":"normal","alignment":"center","type_preset":"rte","font":"var(--font-body--family)","font_size":"1rem","line_height":"normal","letter_spacing":"normal","case":"none","wrap":"pretty","color":"var(--color-foreground)","background":false,"background_color":"#00000026","corner_radius":0,"padding-block-start":100,"padding-block-end":0,"padding-inline-start":43,"padding-inline-end":37},"blocks":{}}},"block_order":["text_6bYCGV"],"name":"t:names.custom_section","settings":{"content_direction":"column","vertical_on_mobile":true,"horizontal_alignment":"flex-start","vertical_alignment":"center","align_baseline":false,"horizontal_alignment_flex_direction_column":"flex-start","vertical_alignment_flex_direction_column":"center","gap":12,"section_width":"page-width","section_height":"small","section_height_custom":50,"color_scheme":"","background_media":"none","video_position":"cover","background_image_position":"cover","border":"none","border_width":1,"border_opacity":100,"border_radius":0,"toggle_overlay":false,"overlay_color":"#00000026","overlay_style":"solid","gradient_direction":"to top","padding-block-start":0,"padding-block-end":0}},"tsapb_f9369b55_ygLg9w":{"type":"tsapb-f9369b55","blocks":{"testimonial_FwDygR":{"type":"testimonial","settings":{"stars_rating":5,"testimonial_text":"Ethical and Beautiful\nI love knowing that my purchase from Triyana supports sustainable practices. The jewelry is not just gorgeous but also come with a purpose feels connected. That makes them even more special.\n— Kavita","author_name":"","author_additional_text":""}},"testimonial_eyWWMB":{"type":"testimonial","settings":{"stars_rating":5,"testimonial_text":"I bought pearl jewelry and yin yan bracelet both are stunning and well-made.\n\nI love wearing them every day!\n— Ajay","author_name":"","author_additional_text":""}},"testimonial_zmhbij":{"type":"testimonial","settings":{"stars_rating":5,"testimonial_text":"I recently purchased a necklace from Triyana and couldn't be happier.\nThe quality is great, and it adds a nice touch to my outfits. Shipping was quick, and it came in lovely packaging. Will definitely shop again.\n\n— Nikita","author_name":"","author_additional_text":""}}},"block_order":["testimonial_FwDygR","testimonial_eyWWMB","testimonial_zmhbij"],"name":"❤️ Square: Testimonials","settings":{"stars_shape":"stars","stars_size":"16","stars_color":"#222222","testimonial_per_row":"3","testimonial_color":"#222222","testimonial_text_size":"12","testimonial_box_style":"color","testimonial_box_color":"#F8F8F8","testimonial_border_color":"#222222","testimonial_box_corner":0,"author_color":"#222222","arrows_color":"#222222","section_background":"","section_width":70,"section_max_width":"","testimonials_space_between":10,"vertical_padding":0,"vertical_margin":0,"vertical_padding_mobile":0,"vertical_margin_mobile":0}},"hero_ge9H97":{"type":"hero","blocks":{"spacer_D3BRpy":{"type":"spacer","settings":{"size":"pixel","percent_size":100,"pixel_size":24,"custom_mobile_size":false,"size_mobile":"percent","percent_size_mobile":100,"pixel_size_mobile":120},"blocks":{}},"marquee_M3b7Xh":{"type":"_marquee","settings":{"movement_direction":"normal","inherit_color_scheme":true,"color_scheme":"","transparent_background":true,"padding-block-start":24,"padding-block-end":24,"gap_between_elements":24},"blocks":{"text_kVbL8n":{"type":"text","disabled":true,"settings":{"text":"<p>Explore our latest products.<\/p>","width":"fit-content","max_width":"normal","alignment":"left","type_preset":"h1","font":"var(--font-body--family)","font_size":"1rem","line_height":"normal","letter_spacing":"normal","case":"none","wrap":"pretty","color":"var(--color-foreground)","background":false,"background_color":"#00000026","corner_radius":0,"padding-block-start":0,"padding-block-end":0,"padding-inline-start":0,"padding-inline-end":0},"blocks":{}}},"block_order":["text_kVbL8n"]},"button_mGY6q7":{"type":"button","settings":{"label":"Women’s Collection","link":"shopify:\/\/collections\/all","open_in_new_tab":false,"style_class":"button-secondary","width":"custom","custom_width":57,"width_mobile":"fit-content","custom_width_mobile":100},"blocks":{}},"button_3XwbVA":{"type":"button","settings":{"label":"Men's collection","link":"shopify:\/\/collections\/all","open_in_new_tab":false,"style_class":"button-secondary","width":"custom","custom_width":51,"width_mobile":"fit-content","custom_width_mobile":100},"blocks":{}}},"block_order":["spacer_D3BRpy","marquee_M3b7Xh","button_mGY6q7","button_3XwbVA"],"name":"t:names.hero_marquee","settings":{"media_type_1":"image","image_1":"shopify:\/\/shop_images\/SCP00220.jpg","media_type_2":"image","link":"","open_in_new_tab":false,"content_direction":"row","vertical_on_mobile":true,"horizontal_alignment":"flex-end","vertical_alignment":"flex-end","align_baseline":true,"horizontal_alignment_flex_direction_column":"flex-start","vertical_alignment_flex_direction_column":"center","gap":32,"section_width":"page-width","section_height":"large","section_height_custom":50,"color_scheme":"scheme-5","toggle_overlay":true,"overlay_color":"#00000026","overlay_style":"gradient","gradient_direction":"to top","blurred_reflection":false,"reflection_opacity":75,"padding-block-start":0,"padding-block-end":40}},"featured_blog_posts_rbVqcq":{"type":"featured-blog-posts","blocks":{"static-blog-title":{"type":"_featured-blog-posts-title","name":"t:names.title","static":true,"settings":{"text":"<h2><em>Blog posts<\/em><\/h2>","width":"100%","max_width":"normal","alignment":"center","type_preset":"rte","font":"var(--font-body--family)","font_size":"1rem","line_height":"normal","letter_spacing":"normal","case":"none","wrap":"pretty","color":"var(--color-foreground)","background":false,"background_color":"#00000026","corner_radius":0,"padding-block-start":0,"padding-block-end":0,"padding-inline-start":0,"padding-inline-end":0},"blocks":{}},"static-blog-post-card":{"type":"_featured-blog-posts-card","name":"t:names.blog_card","static":true,"settings":{"alignment":"left","gap":8,"inherit_color_scheme":true,"color_scheme":"","border":"none","border_width":1,"border_opacity":100,"border_radius":0,"padding-block-start":0,"padding-block-end":0,"padding-inline-start":0,"padding-inline-end":0},"blocks":{"image":{"type":"_featured-blog-posts-image","static":true,"settings":{"image_ratio":"square","border":"none","border_width":1,"border_opacity":100,"border_radius":0},"blocks":{}},"title":{"type":"_heading","name":"t:names.title","static":true,"settings":{"type_preset":"rte","font":"var(--font-body--family)","font_size":"1rem","line_height":"normal","letter_spacing":"normal","case":"none","wrap":"pretty","color":"var(--color-foreground)","text":"<h4>{{ closest.article.title }}<\/h4>","read_only":false,"alignment":"left","show_alignment":false,"padding-block-start":0,"padding-block-end":0,"padding-inline-start":0,"padding-inline-end":0},"blocks":{}},"blog-post-info-text":{"type":"_blog-post-info-text","name":"t:names.details","static":true,"settings":{"show_date":true,"show_author":true,"type_preset":"","alignment":"left","show_alignment":false,"padding-block-start":0,"padding-block-end":0},"blocks":{}},"blog-post-description":{"type":"_blog-post-description","name":"t:names.excerpt","static":true,"settings":{"type_preset":"rte","font":"var(--font-body--family)","font_size":"1rem","line_height":"normal","letter_spacing":"normal","case":"none","wrap":"pretty","color":"var(--color-foreground)","padding-block-start":8,"padding-block-end":0},"blocks":{}}},"block_order":[]}},"name":"t:names.blog_posts_grid","settings":{"blog":"blog-posts","layout_type":"grid","carousel_on_mobile":false,"post_limit":3,"columns":3,"mobile_columns":"2","mobile_card_size":"60cqw","columns_gap":8,"rows_gap":8,"icons_style":"arrow","icons_shape":"none","section_width":"page-width","gap":12,"color_scheme":"","padding-block-start":48,"padding-block-end":48}}},"order":["slideshow_UHhaxd","section_gN9JLp","media_with_content_GYTGDY","marquee_ENaWKG","product_list_ydq9JN","section_HMCCMJ","section_cNg9Jf","17583853637745ea9e","marquee_mxHLiq","section_eKFWcb","section_zGEdfz","product_list_KKCMwk","section_RJwCWb","section_dFaW4Y","tsapb_f9369b55_ygLg9w","hero_ge9H97","featured_blog_posts_rbVqcq"]}